source,task,statistical_unit,model,raw,pca,status,note
Novae/Xenium,coarse independent label probe,reverse slice split,0.35036715081623504,0.3081841748413834,0.32415167008498635,model-positive,Internal expression-heldout coarse labels; two splits.
Novae/Xenium,coarse independent label probe,reverse slice split,0.24510751534018627,0.22341521084049706,0.22548961721580066,model-positive,Internal expression-heldout coarse labels; two splits.
SpatialFusion LUAD,checkerboard region label probe,spatial block fold,0.6177945034381659,0.6846524830334041,0.6645336704343218,model-negative,Independent region labels; model loses both folds.
SpatialFusion LUAD,checkerboard region label probe,spatial block fold,0.708339726902703,0.7516761637029891,0.7522338002036131,model-negative,Independent region labels; model loses both folds.
HEST,complete-slice LOFO organ probe,slice,0.5203567864162502,0.5703055923164171,,unstable-negative,Metadata-level organ task; model below raw on mean.
HEST,complete-slice LOFO SGD sensitivity,slice,0.7726088636181033,0.7377301654865416,,probe-sensitive,Alternative probe changes pooled direction; no stable advantage.
spatialLIBD DLPFC,donor-heldout cortical layer (default seed),donor,0.4552285843644428,0.5403283881196237,0.5486134139521327,model-negative,Three independent donors; model loses raw/PCA on every donor.
spatialLIBD DLPFC,donor-heldout cortical layer (seed 260),donor,0.4555749894609032,0.5414669140325389,0.5414237961130188,model-negative,Three independent donors; model loses raw/PCA on every donor.
spatialLIBD DLPFC,train-donor-derived cortical layer marker program transfer,donor/slice,"{""mean_pearson_r"": 0.8146392263864216, ""median_pearson_r"": 0.8324196934700012, ""n"": 19}","{""mean_pearson_r"": 0.996225539006685, ""median_pearson_r"": 0.9975020289421082, ""n"": 19}","{""mean_pearson_r"": 0.8248073050850316, ""median_pearson_r"": 0.8168131709098816, ""n"": 19}",mechanism-diagnostic,Marker genes are selected only from the two training donors in each fold; no target-donor labels are used for marker selection or probe fitting.
spatialLIBD DLPFC,spatial layer-boundary preservation,donor/slice,"{""true_same_edge_fraction"": 0.9215930951417057, ""pred_same_edge_fraction"": 0.6172966870770169, ""within_layer_consistency"": 0.6225485121114164, ""boundary_recall"": 0.4536957754518817, ""edge_agreement_accuracy"": 0.6083458298554242}","{""true_same_edge_fraction"": 0.9215930951417057, ""pred_same_edge_fraction"": 0.6909918699595684, ""within_layer_consistency"": 0.6983028753683925, ""boundary_recall"": 0.407894142669885, ""edge_agreement_accuracy"": 0.6748346308825101}","{""true_same_edge_fraction"": 0.9215930951417057, ""pred_same_edge_fraction"": 0.7050547661602842, ""within_layer_consistency"": 0.7131637896924423, ""boundary_recall"": 0.3956086342022996, ""edge_agreement_accuracy"": 0.6880837681196944}",mechanism-diagnostic,Coordinates and labels from the held-out slices; classifiers are trained on other donors only. Raw uses top-variance training genes and PCA is train-only.
spatialLIBD DLPFC,spatial layer-boundary preservation,donor/slice,"{""true_same_edge_fraction"": 0.9277640111232252, ""pred_same_edge_fraction"": 0.6120587574054753, ""within_layer_consistency"": 0.6166848756991559, ""boundary_recall"": 0.45873191311711037, ""edge_agreement_accuracy"": 0.6042810355781875}","{""true_same_edge_fraction"": 0.9277640111232252, ""pred_same_edge_fraction"": 0.6942646783036414, ""within_layer_consistency"": 0.7005052322127211, ""boundary_recall"": 0.40139364765935315, ""edge_agreement_accuracy"": 0.678028302500182}","{""true_same_edge_fraction"": 0.9277640111232252, ""pred_same_edge_fraction"": 0.708647743598522, ""within_layer_consistency"": 0.7152571157342543, ""boundary_recall"": 0.38393040045459553, ""edge_agreement_accuracy"": 0.6909781016443763}",mechanism-diagnostic,Coordinates and labels from the held-out slices; classifiers are trained on other donors only. Raw uses top-variance training genes and PCA is train-only.
spatialLIBD DLPFC,spatial layer-boundary preservation,donor/slice,"{""true_same_edge_fraction"": 0.8977673782142263, ""pred_same_edge_fraction"": 0.6173398479680452, ""within_layer_consistency"": 0.6245290559225265, ""boundary_recall"": 0.4567296320665319, ""edge_agreement_accuracy"": 0.6055345760695631}","{""true_same_edge_fraction"": 0.8977673782142263, ""pred_same_edge_fraction"": 0.6876157820702321, ""within_layer_consistency"": 0.6976025151424355, ""boundary_recall"": 0.4149321686248788, ""edge_agreement_accuracy"": 0.6677092712043996}","{""true_same_edge_fraction"": 0.8977673782142263, ""pred_same_edge_fraction"": 0.7054428364823995, ""within_layer_consistency"": 0.7172024250695501, ""boundary_recall"": 0.40733654476906195, ""edge_agreement_accuracy"": 0.6849244687288173}",mechanism-diagnostic,Coordinates and labels from the held-out slices; classifiers are trained on other donors only. Raw uses top-variance training genes and PCA is train-only.
spatialLIBD DLPFC,label-independent spatial autocorrelation of transferred layer-marker programs,donor/slice,"{""4"": {""mean_abs_moran_error"": 0.06742179585503434, ""mean_signed_moran_error"": 0.06500423270949898, ""mean_pearson_r"": 0.8096791521499032, ""n"": 76}, ""6"": {""mean_abs_moran_error"": 0.06596461221066793, ""mean_signed_moran_error"": 0.06378846081294681, ""mean_pearson_r"": 0.8096791521499032, ""n"": 76}, ""12"": {""mean_abs_moran_error"": 0.06507239661048836, ""mean_signed_moran_error"": 0.06320783961028764, ""mean_pearson_r"": 0.8096791521499032, ""n"": 76}}","{""4"": {""mean_abs_moran_error"": 0.0029925193787050212, ""mean_signed_moran_error"": 0.00015126627371836015, ""mean_pearson_r"": 0.9961638364352678, ""n"": 76}, ""6"": {""mean_abs_moran_error"": 0.0029194136714750228, ""mean_signed_moran_error"": 0.00017430236287960984, ""mean_pearson_r"": 0.9961638364352678, ""n"": 76}, ""12"": {""mean_abs_moran_error"": 0.002952182652914484, ""mean_signed_moran_error"": 0.0003854378020662155, ""mean_pearson_r"": 0.9961638364352678, ""n"": 76}}","{""4"": {""mean_abs_moran_error"": 0.17605018140452847, ""mean_signed_moran_error"": 0.17605018140452847, ""mean_pearson_r"": 0.819531828949326, ""n"": 76}, ""6"": {""mean_abs_moran_error"": 0.17408262646764827, ""mean_signed_moran_error"": 0.17408262646764827, ""mean_pearson_r"": 0.819531828949326, ""n"": 76}, ""12"": {""mean_abs_moran_error"": 0.17147776179046245, ""mean_signed_moran_error"": 0.17147776179046245, ""mean_pearson_r"": 0.819531828949326, ""n"": 76}}",mechanism-diagnostic,Marker sets and ridge maps are fit only on training donors; target-donor layer labels are not used. Moran I is computed on target coordinates and continuous predicted module scores.
